student_id,content,wording
000000ffffff,-1.422887,-1.2604342
111111eeeeee,-1.4490715,-1.3078647
222222cccccc,-1.4649307,-1.3772492
333333dddddd,-1.4666344,-1.3398407
